Pais,Region,Fecha,FOB,Kg,Precio
Zimbabwe,Africa subsahariana,1/1/2021,0.00,0.00,
Zimbabwe,Africa subsahariana,2/1/2021,0.00,0.00,
Zimbabwe,Africa subsahariana,3/1/2021,0.00,0.00,
Zimbabwe,Africa subsahariana,4/1/2021,0.00,0.00,
Zimbabwe,Africa subsahariana,5/1/2021,0.00,0.00,
Zimbabwe,Africa subsahariana,6/1/2021,0.00,0.00,
Zimbabwe,Africa subsahariana,7/1/2021,0.00,0.00,
Zimbabwe,Africa subsahariana,8/1/2021,0.00,0.00,
Zimbabwe,Africa subsahariana,9/1/2021,0.00,0.00,
Zimbabwe,Africa subsahariana,10/1/2021,0.00,0.00,
Zimbabwe,Africa subsahariana,11/1/2021,0.00,0.00,
Saudi Arabia,Oriente Medio y Norte de Africa,12/1/2020,"172,000","209,258",0.82
Zambia,Africa subsahariana,1/1/2021,0.00,0.00,
Zambia,Africa subsahariana,2/1/2021,0.00,0.00,
Zambia,Africa subsahariana,3/1/2021,0.00,0.00,
Zambia,Africa subsahariana,4/1/2021,0.00,0.00,
Viet Nam,Asia oriental y el Pacifico,12/1/2020,"348,000","181,700",1.92
Zambia,Africa subsahariana,6/1/2021,0.00,0.00,
Zambia,Africa subsahariana,7/1/2021,0.00,0.00,
Mexico,America Latina,12/1/2020,"201,000","157,780",1.27
Zambia,Africa subsahariana,9/1/2021,0.00,0.00,
Philippines,Asia oriental y el Pacifico,12/1/2020,"561,000","150,900",3.72
Zambia,Africa subsahariana,11/1/2021,0.00,0.00,
Zambia,Africa subsahariana,12/1/2020,0.00,0.00,
Yemen,Oriente Medio y Norte de Africa,1/1/2021,0.00,0.00,
Yemen,Oriente Medio y Norte de Africa,2/1/2021,0.00,0.00,
Yemen,Oriente Medio y Norte de Africa,3/1/2021,0.00,0.00,
Yemen,Oriente Medio y Norte de Africa,4/1/2021,0.00,0.00,
Yemen,Oriente Medio y Norte de Africa,5/1/2021,0.00,0.00,
Yemen,Oriente Medio y Norte de Africa,6/1/2021,0.00,0.00,
Yemen,Oriente Medio y Norte de Africa,7/1/2021,0.00,0.00,
Yemen,Oriente Medio y Norte de Africa,8/1/2021,0.00,0.00,
Yemen,Oriente Medio y Norte de Africa,9/1/2021,0.00,0.00,
United Arab Emirates,Oriente Medio y Norte de Africa,12/1/2020,"400,000","53,000",7.55
Yemen,Oriente Medio y Norte de Africa,11/1/2021,0.00,0.00,
Yemen,Oriente Medio y Norte de Africa,12/1/2020,0.00,0.00,
"Macao, China",Asia oriental y el Pacifico,12/1/2020,"33,000","33,060",1.00
Ethiopia,#N/A,12/1/2020,"22,000","30,000",0.73
Thailand,Asia oriental y el Pacifico,12/1/2020,"51,000","29,760",1.71
"Korea, Republic of",Asia oriental y el Pacifico,12/1/2020,"205,000","26,619",7.70
Sri Lanka,Asia meridional,12/1/2020,"195,000","26,371",7.39
Egypt,#N/A,12/1/2020,"24,000","25,045",0.96
Algeria,#N/A,12/1/2020,"134,000","17,909",7.48
Cameroon,#N/A,12/1/2020,"7,000","14,000",0.50
Jamaica,#N/A,12/1/2020,"88,000","10,980",8.01
Zimbabwe,Africa subsahariana,12/1/2020,"6,000","9,324",0.64
Brazil,#N/A,12/1/2020,"8,000","7,875",1.02
Bangladesh,#N/A,12/1/2020,"10,000","4,694",2.13
Vanuatu,Asia oriental y el Pacifico,1/1/2021,0.00,0.00,
Vanuatu,Asia oriental y el Pacifico,2/1/2021,0.00,0.00,
Vanuatu,Asia oriental y el Pacifico,3/1/2021,0.00,0.00,
Vanuatu,Asia oriental y el Pacifico,4/1/2021,0.00,0.00,
Vanuatu,Asia oriental y el Pacifico,5/1/2021,0.00,0.00,
Vanuatu,Asia oriental y el Pacifico,6/1/2021,0.00,0.00,
Vanuatu,Asia oriental y el Pacifico,7/1/2021,0.00,0.00,
Vanuatu,Asia oriental y el Pacifico,8/1/2021,0.00,0.00,
Vanuatu,Asia oriental y el Pacifico,9/1/2021,0.00,0.00,
Vanuatu,Asia oriental y el Pacifico,10/1/2021,0.00,0.00,
Vanuatu,Asia oriental y el Pacifico,11/1/2021,0.00,0.00,
Malaysia,#N/A,12/1/2020,"2,000","3,497",0.57
Uruguay,America Latina,1/1/2021,0.00,0.00,
Uruguay,America Latina,2/1/2021,0.00,0.00,
Uruguay,America Latina,3/1/2021,0.00,0.00,
Uruguay,America Latina,4/1/2021,0.00,0.00,
Uruguay,America Latina,5/1/2021,0.00,0.00,
Uruguay,America Latina,6/1/2021,0.00,0.00,
Uruguay,America Latina,7/1/2021,0.00,0.00,
Uruguay,America Latina,8/1/2021,0.00,0.00,
"Hong Kong, China",#N/A,12/1/2020,"5,000","3,143",1.59
Uruguay,America Latina,10/1/2021,0.00,0.00,
Uruguay,America Latina,11/1/2021,0.00,0.00,
Uruguay,America Latina,12/1/2020,0.00,0.00,
Russian Federation,#N/A,12/1/2020,"1,000","2,613",0.38
South Africa,#N/A,12/1/2020,"7,000",946,7.40
United States of America,America del Norte,12/1/2020,"2,000",935,2.14
United States of America,America del Norte,4/1/2021,0.00,0.00,
India,#N/A,12/1/2020,"1,000",781,1.28
Vanuatu,Asia oriental y el Pacifico,12/1/2020,"2,000",648,3.09
United States of America,America del Norte,7/1/2021,0.00,0.00,
United States of America,America del Norte,8/1/2021,0.00,0.00,
Canada,#N/A,12/1/2020,"2,000",91,21.98
United States of America,America del Norte,10/1/2021,0.00,0.00,
United States of America,#N/A,11/1/2021,1000.00,0.00,
Belgium,#N/A,12/1/2020,"1,000",13,76.92
Chile,#N/A,1/1/2021,"314,000","345,447",0.91
United Kingdom,#N/A,2/1/2021,0.00,0.00,
United Kingdom,#N/A,3/1/2021,0.00,0.00,
United Kingdom,#N/A,4/1/2021,0.00,0.00,
United Kingdom,#N/A,5/1/2021,0.00,0.00,
Viet Nam,#N/A,1/1/2021,"408,000","342,663",1.19
United Kingdom,#N/A,7/1/2021,0.00,0.00,
United Kingdom,#N/A,8/1/2021,0.00,0.00,
United Kingdom,#N/A,9/1/2021,0.00,0.00,
United Kingdom,#N/A,10/1/2021,0.00,0.00,
United Kingdom,#N/A,11/1/2021,0.00,0.00,
United Kingdom,#N/A,12/1/2020,0.00,0.00,
United Arab Emirates,#N/A,1/1/2021,0.00,0.00,
United Arab Emirates,#N/A,2/1/2021,0.00,0.00,
Mexico,#N/A,1/1/2021,"274,000","216,624",1.26
United Arab Emirates,#N/A,4/1/2021,0.00,0.00,
Nigeria,#N/A,1/1/2021,"72,000","215,080",0.33
United Arab Emirates,#N/A,6/1/2021,0.00,0.00,
Philippines,#N/A,1/1/2021,"215,000","104,976",2.05
Saudi Arabia,#N/A,1/1/2021,"60,000","78,386",0.77
Qatar,#N/A,1/1/2021,"46,000","72,000",0.64
Thailand,#N/A,1/1/2021,"73,000","55,378",1.32
Malaysia,#N/A,1/1/2021,"90,000","50,718",1.77
Italy,#N/A,1/1/2021,"25,000","50,000",0.50
Ukraine,#N/A,1/1/2021,0.00,0.00,
Ukraine,#N/A,2/1/2021,0.00,0.00,
Ukraine,#N/A,3/1/2021,0.00,0.00,
Ukraine,#N/A,4/1/2021,0.00,0.00,
Ukraine,#N/A,5/1/2021,0.00,0.00,
"Korea, Republic of",#N/A,1/1/2021,"172,000","39,900",4.31
Ukraine,#N/A,7/1/2021,0.00,0.00,
Ukraine,#N/A,8/1/2021,0.00,0.00,
Ukraine,#N/A,9/1/2021,0.00,0.00,
Ukraine,#N/A,10/1/2021,0.00,0.00,
Ukraine,#N/A,11/1/2021,0.00,0.00,
Ukraine,#N/A,12/1/2020,0.00,0.00,
Turkey,#N/A,1/1/2021,0.00,0.00,
Turkey,#N/A,2/1/2021,0.00,0.00,
Bangladesh,#N/A,1/1/2021,"65,000","31,868",2.04
Turkey,#N/A,4/1/2021,0.00,0.00,
Turkey,#N/A,5/1/2021,0.00,0.00,
Turkey,#N/A,6/1/2021,0.00,0.00,
Turkey,#N/A,7/1/2021,0.00,0.00,
Turkey,#N/A,8/1/2021,0.00,0.00,
Turkey,#N/A,9/1/2021,0.00,0.00,
Turkey,#N/A,10/1/2021,0.00,0.00,
Turkey,#N/A,11/1/2021,0.00,0.00,
Turkey,#N/A,12/1/2020,0.00,0.00,
Togo,#N/A,1/1/2021,0.00,0.00,
Togo,#N/A,2/1/2021,0.00,0.00,
Togo,#N/A,3/1/2021,0.00,0.00,
Togo,#N/A,4/1/2021,0.00,0.00,
Togo,#N/A,5/1/2021,0.00,0.00,
Togo,#N/A,6/1/2021,0.00,0.00,
"Iran, Islamic Republic of",#N/A,1/1/2021,"18,000","27,470",0.66
Togo,#N/A,8/1/2021,0.00,0.00,
Togo,#N/A,9/1/2021,0.00,0.00,
Togo,#N/A,10/1/2021,0.00,0.00,
Togo,#N/A,11/1/2021,0.00,0.00,
Togo,#N/A,12/1/2020,0.00,0.00,
Egypt,#N/A,1/1/2021,"27,000","26,426",1.02
Guinea,#N/A,1/1/2021,"16,000","24,000",0.67
Sri Lanka,#N/A,1/1/2021,"16,000","17,000",0.94
Ghana,#N/A,1/1/2021,"16,000","15,270",1.05
Peru,#N/A,1/1/2021,"10,000","10,200",0.98
India,#N/A,1/1/2021,"9,000","5,006",1.80
Benin,#N/A,1/1/2021,"3,000","5,000",0.60
Belgium,#N/A,1/1/2021,"3,000","2,991",1.00
Namibia,#N/A,1/1/2021,"1,000","2,385",0.42
Djibouti,#N/A,1/1/2021,"18,000","2,200",8.18
Madagascar,#N/A,1/1/2021,"1,000",910,1.10
"Hong Kong, China",#N/A,1/1/2021,"1,000",509,1.96
"Tanzania, United Republic of",#N/A,1/1/2021,0.00,0.00,
"Tanzania, United Republic of",#N/A,2/1/2021,0.00,0.00,
"Tanzania, United Republic of",#N/A,3/1/2021,0.00,0.00,
"Tanzania, United Republic of",#N/A,4/1/2021,0.00,0.00,
"Tanzania, United Republic of",#N/A,5/1/2021,0.00,0.00,
"Tanzania, United Republic of",#N/A,6/1/2021,0.00,0.00,
"Tanzania, United Republic of",#N/A,7/1/2021,0.00,0.00,
United States of America,#N/A,1/1/2021,"2,000",285,7.02
"Tanzania, United Republic of",#N/A,9/1/2021,0.00,0.00,
"Tanzania, United Republic of",#N/A,10/1/2021,0.00,0.00,
"Tanzania, United Republic of",#N/A,11/1/2021,0.00,0.00,
"Tanzania, United Republic of",#N/A,12/1/2020,0.00,0.00,
Tajikistan,#N/A,1/1/2021,0.00,0.00,
Tajikistan,#N/A,2/1/2021,0.00,0.00,
Tajikistan,#N/A,3/1/2021,0.00,0.00,
Tajikistan,#N/A,4/1/2021,0.00,0.00,
Netherlands,#N/A,1/1/2021,0,120,0.00
Tajikistan,#N/A,6/1/2021,0.00,0.00,
Tajikistan,#N/A,7/1/2021,0.00,0.00,
Tajikistan,#N/A,8/1/2021,0.00,0.00,
Tajikistan,#N/A,9/1/2021,0.00,0.00,
Tajikistan,#N/A,10/1/2021,0.00,0.00,
Tajikistan,#N/A,11/1/2021,0.00,0.00,
Tajikistan,#N/A,12/1/2020,0.00,0.00,
"Taipei, Chinese",#N/A,1/1/2021,0.00,0.00,
United Kingdom,#N/A,1/1/2021,0,2,0.00
"Taipei, Chinese",#N/A,3/1/2021,0.00,0.00,
Chile,#N/A,2/1/2021,"219,000","238,389",0.92
"Taipei, Chinese",#N/A,5/1/2021,0.00,0.00,
Mexico,#N/A,2/1/2021,"303,000","225,989",1.34
"Taipei, Chinese",#N/A,7/1/2021,0.00,0.00,
Nigeria,#N/A,2/1/2021,"58,000","164,520",0.35
Egypt,#N/A,2/1/2021,"954,000","142,526",6.69
Sri Lanka,#N/A,2/1/2021,"398,000","100,727",3.95
Viet Nam,#N/A,2/1/2021,"94,000","97,469",0.96
"Taipei, Chinese",#N/A,12/1/2020,0.00,0.00,
"Taipei, Chinese",#N/A,2/1/2021,"83,000","51,648",1.61
Bangladesh,#N/A,2/1/2021,"28,000","37,305",0.75
Sri Lanka,#N/A,3/1/2021,0.00,0.00,
Peru,#N/A,2/1/2021,"36,000","36,165",1.00
"Korea, Republic of",#N/A,2/1/2021,"52,000","26,210",1.98
Brazil,#N/A,2/1/2021,"32,000","21,207",1.51
Sri Lanka,#N/A,7/1/2021,0.00,0.00,
Qatar,#N/A,2/1/2021,"11,000","12,000",0.92
Cabo Verde,#N/A,2/1/2021,"9,000","10,460",0.86
Malaysia,#N/A,2/1/2021,"6,000","6,040",0.99
Lebanon,#N/A,2/1/2021,"4,000","4,965",0.81
Philippines,#N/A,2/1/2021,"64,000","4,698",13.62
Spain,#N/A,1/1/2021,0.00,0.00,
Spain,#N/A,2/1/2021,0.00,0.00,
Spain,#N/A,3/1/2021,0.00,0.00,
Spain,#N/A,4/1/2021,0.00,0.00,
Spain,#N/A,5/1/2021,0.00,0.00,
Spain,#N/A,6/1/2021,0.00,0.00,
Indonesia,#N/A,2/1/2021,"13,000","3,421",3.80
Algeria,#N/A,2/1/2021,"2,000","2,200",0.91
Spain,#N/A,9/1/2021,0.00,0.00,
Thailand,#N/A,2/1/2021,"5,000","2,006",2.49
Spain,#N/A,11/1/2021,0.00,0.00,
Spain,#N/A,12/1/2020,0.00,0.00,
South Africa,#N/A,1/1/2021,0.00,0.00,
South Africa,#N/A,2/1/2021,0.00,0.00,
Germany,#N/A,2/1/2021,"3,000","1,920",1.56
South Africa,#N/A,4/1/2021,0.00,0.00,
South Africa,#N/A,5/1/2021,0.00,0.00,
Pakistan,#N/A,2/1/2021,"1,000","1,350",0.74
South Africa,#N/A,7/1/2021,0.00,0.00,
South Africa,#N/A,8/1/2021,0.00,0.00,
Italy,#N/A,2/1/2021,"2,000","1,274",1.57
South Africa,#N/A,10/1/2021,0.00,0.00,
Japan,#N/A,2/1/2021,0,268,0.00
United States of America,#N/A,2/1/2021,"1,000",75,13.33
Slovenia,#N/A,1/1/2021,0.00,0.00,
Slovenia,#N/A,2/1/2021,0.00,0.00,
Slovenia,#N/A,3/1/2021,0.00,0.00,
Slovenia,#N/A,4/1/2021,0.00,0.00,
Slovenia,#N/A,5/1/2021,0.00,0.00,
Slovenia,#N/A,6/1/2021,0.00,0.00,
Belgium,#N/A,2/1/2021,0,7,0.00
Slovenia,#N/A,8/1/2021,0.00,0.00,
Slovenia,#N/A,9/1/2021,0.00,0.00,
Slovenia,#N/A,10/1/2021,0.00,0.00,
Slovenia,#N/A,11/1/2021,0.00,0.00,
Slovenia,#N/A,12/1/2020,0.00,0.00,
Singapore,#N/A,1/1/2021,0.00,0.00,
Singapore,#N/A,2/1/2021,0.00,0.00,
Viet Nam,#N/A,3/1/2021,"653,000","393,785",1.66
Singapore,#N/A,4/1/2021,0.00,0.00,
Thailand,#N/A,3/1/2021,"191,000","232,455",0.82
Singapore,#N/A,6/1/2021,0.00,0.00,
Singapore,#N/A,7/1/2021,0.00,0.00,
Mexico,#N/A,3/1/2021,"216,000","157,600",1.37
Saudi Arabia,#N/A,3/1/2021,"102,000","130,000",0.78
"Macao, China",#N/A,3/1/2021,"98,000","97,800",1.00
Philippines,#N/A,3/1/2021,"421,000","74,696",5.64
Singapore,#N/A,12/1/2020,0.00,0.00,
"Iran, Islamic Republic of",#N/A,3/1/2021,"220,000","42,192",5.21
Saudi Arabia,#N/A,2/1/2021,0.00,0.00,
"Korea, Republic of",#N/A,3/1/2021,"94,000","36,546",2.57
Colombia,#N/A,3/1/2021,"200,000","27,420",7.29
United Arab Emirates,#N/A,3/1/2021,"150,000","27,001",5.56
Cambodia,#N/A,3/1/2021,"196,000","25,450",7.70
Bangladesh,#N/A,3/1/2021,"28,000","21,460",1.30
United States of America,#N/A,3/1/2021,"13,000","18,578",0.70
Netherlands,#N/A,3/1/2021,"67,000","17,267",3.88
Myanmar,#N/A,3/1/2021,"7,000","14,325",0.49
South Africa,#N/A,3/1/2021,"12,000","14,000",0.86
Malaysia,#N/A,3/1/2021,"52,000","13,858",3.75
Rwanda,#N/A,1/1/2021,0.00,0.00,
Rwanda,#N/A,2/1/2021,0.00,0.00,
Rwanda,#N/A,3/1/2021,0.00,0.00,
Rwanda,#N/A,4/1/2021,0.00,0.00,
Rwanda,#N/A,5/1/2021,0.00,0.00,
Rwanda,#N/A,6/1/2021,0.00,0.00,
Rwanda,#N/A,7/1/2021,0.00,0.00,
Rwanda,#N/A,8/1/2021,0.00,0.00,
Egypt,#N/A,3/1/2021,"159,000","10,528",15.10
Rwanda,#N/A,10/1/2021,0.00,0.00,
Rwanda,#N/A,11/1/2021,0.00,0.00,
Rwanda,#N/A,12/1/2020,0.00,0.00,
Russian Federation,#N/A,1/1/2021,0.00,0.00,
Russian Federation,#N/A,2/1/2021,0.00,0.00,
Russian Federation,#N/A,3/1/2021,0.00,0.00,
India,#N/A,3/1/2021,"14,000","6,799",2.06
Russian Federation,#N/A,5/1/2021,0.00,0.00,
Turkey,#N/A,3/1/2021,"5,000","6,010",0.83
Indonesia,#N/A,3/1/2021,"11,000","3,570",3.08
Namibia,#N/A,3/1/2021,"1,000","2,040",0.49
Mozambique,#N/A,3/1/2021,"1,000","1,500",0.67
Russian Federation,#N/A,10/1/2021,0.00,0.00,
Singapore,#N/A,3/1/2021,"10,000","1,100",9.09
Qatar,#N/A,3/1/2021,"1,000",942,1.06
Mongolia,#N/A,3/1/2021,"1,000",937,1.07
Italy,#N/A,3/1/2021,"1,000",200,5.00
Japan,#N/A,3/1/2021,0,117,0.00
Qatar,#N/A,4/1/2021,0.00,0.00,
Qatar,#N/A,5/1/2021,0.00,0.00,
Qatar,#N/A,6/1/2021,0.00,0.00,
Qatar,#N/A,7/1/2021,0.00,0.00,
Qatar,#N/A,8/1/2021,0.00,0.00,
Qatar,#N/A,9/1/2021,0.00,0.00,
Viet Nam,#N/A,4/1/2021,"527,000","283,777",1.86
Qatar,#N/A,11/1/2021,0.00,0.00,
Qatar,#N/A,12/1/2020,0.00,0.00,
Poland,#N/A,1/1/2021,0.00,0.00,
Poland,#N/A,2/1/2021,0.00,0.00,
Poland,#N/A,3/1/2021,0.00,0.00,
Poland,#N/A,4/1/2021,0.00,0.00,
Poland,#N/A,5/1/2021,0.00,0.00,
Poland,#N/A,6/1/2021,0.00,0.00,
Poland,#N/A,7/1/2021,0.00,0.00,
Poland,#N/A,8/1/2021,0.00,0.00,
Poland,#N/A,9/1/2021,0.00,0.00,
Poland,#N/A,10/1/2021,0.00,0.00,
Chile,#N/A,4/1/2021,"281,000","236,866",1.19
Poland,#N/A,12/1/2020,0.00,0.00,
Mexico,#N/A,4/1/2021,"176,000","126,235",1.39
Saudi Arabia,#N/A,4/1/2021,"171,000","115,810",1.48
"Macao, China",#N/A,4/1/2021,"39,000","102,512",0.38
"Korea, Republic of",#N/A,4/1/2021,"192,000","69,603",2.76
Malaysia,#N/A,4/1/2021,"257,000","64,756",3.97
"Taipei, Chinese",#N/A,4/1/2021,"109,000","64,236",1.70
Bangladesh,#N/A,4/1/2021,"65,000","49,623",1.31
Nigeria,#N/A,4/1/2021,"305,000","46,373",6.58
India,#N/A,4/1/2021,"54,000","43,572",1.24
Sri Lanka,#N/A,4/1/2021,"164,000","40,865",4.01
Russian Federation,#N/A,4/1/2021,"135,000","24,704",5.46
Brazil,#N/A,4/1/2021,"90,000","20,527",4.38
Philippines,#N/A,4/1/2021,"22,000","15,040",1.46
Namibia,#N/A,4/1/2021,"3,000","5,180",0.58
Peru,#N/A,3/1/2021,0.00,0.00,
Peru,#N/A,4/1/2021,0.00,0.00,
Peru,#N/A,5/1/2021,0.00,0.00,
Peru,#N/A,6/1/2021,0.00,0.00,
Ghana,#N/A,4/1/2021,"4,000","4,230",0.95
Peru,#N/A,8/1/2021,0.00,0.00,
Peru,#N/A,9/1/2021,0.00,0.00,
Peru,#N/A,10/1/2021,0.00,0.00,
Myanmar,#N/A,4/1/2021,"2,000","3,774",0.53
Peru,#N/A,12/1/2020,0.00,0.00,
Paraguay,#N/A,1/1/2021,0.00,0.00,
Paraguay,#N/A,2/1/2021,0.00,0.00,
Paraguay,#N/A,3/1/2021,0.00,0.00,
Paraguay,#N/A,4/1/2021,0.00,0.00,
Paraguay,#N/A,5/1/2021,0.00,0.00,
Paraguay,#N/A,6/1/2021,0.00,0.00,
Paraguay,#N/A,7/1/2021,0.00,0.00,
Germany,#N/A,4/1/2021,"3,000","3,360",0.89
Paraguay,#N/A,9/1/2021,0.00,0.00,
Paraguay,#N/A,10/1/2021,0.00,0.00,
Paraguay,#N/A,11/1/2021,0.00,0.00,
Paraguay,#N/A,12/1/2020,0.00,0.00,
Pakistan,#N/A,1/1/2021,0.00,0.00,
Pakistan,#N/A,4/1/2021,"1,000","3,000",0.33
Pakistan,#N/A,3/1/2021,0.00,0.00,
Thailand,#N/A,4/1/2021,"7,000","2,981",2.35
Pakistan,#N/A,5/1/2021,0.00,0.00,
Egypt,#N/A,4/1/2021,"1,000","2,000",0.50
Lao People's Democratic Republic,#N/A,4/1/2021,"1,000","1,630",0.61
Cambodia,#N/A,4/1/2021,"5,000","1,437",3.48
Pakistan,#N/A,9/1/2021,0.00,0.00,
Indonesia,#N/A,4/1/2021,"7,000","1,366",5.12
Japan,#N/A,4/1/2021,"1,000",444,2.25
Pakistan,#N/A,12/1/2020,0.00,0.00,
Oman,#N/A,1/1/2021,0.00,0.00,
Oman,#N/A,2/1/2021,0.00,0.00,
Oman,#N/A,3/1/2021,0.00,0.00,
Oman,#N/A,4/1/2021,0.00,0.00,
Oman,#N/A,5/1/2021,0.00,0.00,
Oman,#N/A,6/1/2021,0.00,0.00,
Oman,#N/A,7/1/2021,0.00,0.00,
Oman,#N/A,8/1/2021,0.00,0.00,
Oman,#N/A,9/1/2021,0.00,0.00,
Canada,#N/A,4/1/2021,"8,000",272,29.41
Oman,#N/A,11/1/2021,0.00,0.00,
Oman,#N/A,12/1/2020,0.00,0.00,
Philippines,#N/A,5/1/2021,"3,032,000","561,236",5.40
Viet Nam,#N/A,5/1/2021,"756,000","295,300",2.56
Nigeria,#N/A,3/1/2021,0.00,0.00,
Thailand,#N/A,5/1/2021,"266,000","125,879",2.11
Nigeria,#N/A,5/1/2021,"390,000","122,186",3.19
Mexico,#N/A,5/1/2021,"184,000","120,307",1.53
"Korea, Republic of",#N/A,5/1/2021,"241,000","111,527",2.16
Sri Lanka,#N/A,5/1/2021,"247,000","88,550",2.79
Colombia,#N/A,5/1/2021,"77,000","73,387",1.05
Nigeria,#N/A,10/1/2021,0.00,0.00,
"Macao, China",#N/A,5/1/2021,"69,000","69,447",0.99
Nigeria,#N/A,12/1/2020,0.00,0.00,
Egypt,#N/A,5/1/2021,"99,000","57,493",1.72
Netherlands,#N/A,2/1/2021,0.00,0.00,
United Arab Emirates,#N/A,5/1/2021,"200,000","53,909",3.71
Netherlands,#N/A,4/1/2021,0.00,0.00,
Netherlands,#N/A,5/1/2021,0.00,0.00,
Saudi Arabia,#N/A,5/1/2021,"223,000","52,474",4.25
Netherlands,#N/A,7/1/2021,0.00,0.00,
Kenya,#N/A,5/1/2021,"106,000","52,107",2.03
Netherlands,#N/A,9/1/2021,0.00,0.00,
Netherlands,#N/A,10/1/2021,0.00,0.00,
Netherlands,#N/A,11/1/2021,0.00,0.00,
Netherlands,#N/A,12/1/2020,0.00,0.00,
Japan,#N/A,5/1/2021,"66,000","50,020",1.32
Namibia,#N/A,2/1/2021,0.00,0.00,
Malaysia,#N/A,5/1/2021,"77,000","41,554",1.85
India,#N/A,5/1/2021,"24,000","27,113",0.89
Namibia,#N/A,5/1/2021,0.00,0.00,
Guinea,#N/A,5/1/2021,"18,000","26,000",0.69
Namibia,#N/A,7/1/2021,0.00,0.00,
Namibia,#N/A,8/1/2021,0.00,0.00,
Namibia,#N/A,9/1/2021,0.00,0.00,
Namibia,#N/A,10/1/2021,0.00,0.00,
Zambia,#N/A,5/1/2021,"25,000","25,000",1.00
Namibia,#N/A,12/1/2020,0.00,0.00,
Myanmar,#N/A,1/1/2021,0.00,0.00,
Myanmar,#N/A,2/1/2021,0.00,0.00,
United States of America,#N/A,5/1/2021,"29,000","23,800",1.22
Cambodia,#N/A,5/1/2021,"200,000","23,568",8.49
Myanmar,#N/A,5/1/2021,0.00,0.00,
Myanmar,#N/A,6/1/2021,0.00,0.00,
Myanmar,#N/A,7/1/2021,0.00,0.00,
Myanmar,#N/A,8/1/2021,0.00,0.00,
Ghana,#N/A,5/1/2021,"11,000","11,259",0.98
Myanmar,#N/A,10/1/2021,0.00,0.00,
Myanmar,#N/A,11/1/2021,0.00,0.00,
Myanmar,#N/A,12/1/2020,0.00,0.00,
Mozambique,#N/A,1/1/2021,0.00,0.00,
Mozambique,#N/A,2/1/2021,0.00,0.00,
Brazil,#N/A,5/1/2021,"15,000","8,624",1.74
Mozambique,#N/A,4/1/2021,0.00,0.00,
Mozambique,#N/A,5/1/2021,0.00,0.00,
Mozambique,#N/A,6/1/2021,0.00,0.00,
Mozambique,#N/A,7/1/2021,0.00,0.00,
Tajikistan,#N/A,5/1/2021,"3,000","7,050",0.43
Mozambique,#N/A,9/1/2021,0.00,0.00,
Mozambique,#N/A,10/1/2021,0.00,0.00,
Mozambique,#N/A,11/1/2021,0.00,0.00,
Mozambique,#N/A,12/1/2020,0.00,0.00,
Morocco,#N/A,1/1/2021,0.00,0.00,
Morocco,#N/A,2/1/2021,0.00,0.00,
Morocco,#N/A,3/1/2021,0.00,0.00,
Morocco,#N/A,4/1/2021,0.00,0.00,
Morocco,#N/A,5/1/2021,0.00,0.00,
Morocco,#N/A,6/1/2021,0.00,0.00,
Morocco,#N/A,7/1/2021,0.00,0.00,
Morocco,#N/A,8/1/2021,0.00,0.00,
Morocco,#N/A,9/1/2021,0.00,0.00,
Morocco,#N/A,10/1/2021,0.00,0.00,
Singapore,#N/A,5/1/2021,"39,000","4,799",8.13
Morocco,#N/A,12/1/2020,0.00,0.00,
Mongolia,#N/A,1/1/2021,0.00,0.00,
Mongolia,#N/A,2/1/2021,0.00,0.00,
Italy,#N/A,5/1/2021,"5,000","2,894",1.73
Mongolia,#N/A,4/1/2021,0.00,0.00,
Mongolia,#N/A,5/1/2021,0.00,0.00,
Mongolia,#N/A,6/1/2021,0.00,0.00,
Mongolia,#N/A,7/1/2021,0.00,0.00,
Mongolia,#N/A,8/1/2021,0.00,0.00,
Mongolia,#N/A,9/1/2021,0.00,0.00,
Kazakhstan,#N/A,5/1/2021,"4,000","2,500",1.60
Mongolia,#N/A,11/1/2021,0.00,0.00,
Mongolia,#N/A,12/1/2020,0.00,0.00,
Algeria,#N/A,5/1/2021,"3,000","1,300",2.31
Dominican Republic,#N/A,5/1/2021,"1,000",54,18.52
Chile,#N/A,6/1/2021,"155,000","131,368",1.18
Philippines,#N/A,6/1/2021,"1,620,000","271,066",5.98
Viet Nam,#N/A,6/1/2021,"564,000","253,529",2.22
Colombia,#N/A,6/1/2021,"189,000","192,870",0.98
"Korea, Republic of",#N/A,6/1/2021,"793,000","141,397",5.61
Mexico,#N/A,6/1/2021,"448,000","294,743",1.52
Saudi Arabia,#N/A,6/1/2021,"128,000","108,761",1.18
Nigeria,#N/A,6/1/2021,"395,000","98,265",4.02
"Taipei, Chinese",#N/A,6/1/2021,"178,000","96,831",1.84
Indonesia,#N/A,6/1/2021,"587,000","70,060",8.38
Sri Lanka,#N/A,6/1/2021,"233,000","57,875",4.03
Bangladesh,#N/A,6/1/2021,"82,000","51,603",1.59
Russian Federation,#N/A,6/1/2021,"369,000","49,635",7.43
"Macao, China",#N/A,6/1/2021,"38,000","48,284",0.79
Japan,#N/A,6/1/2021,"60,000","29,389",2.04
Thailand,#N/A,6/1/2021,"28,000","28,716",0.98
United Kingdom,#N/A,6/1/2021,"195,000","26,691",7.31
Ukraine,#N/A,6/1/2021,"21,000","26,000",0.81
Egypt,#N/A,6/1/2021,"30,000","25,684",1.17
Malaysia,#N/A,6/1/2021,"29,000","21,185",1.37
South Africa,#N/A,6/1/2021,"20,000","21,000",0.95
Ghana,#N/A,6/1/2021,"11,000","20,039",0.55
Cambodia,#N/A,6/1/2021,"41,000","12,497",3.28
Madagascar,#N/A,2/1/2021,0.00,0.00,
Madagascar,#N/A,3/1/2021,0.00,0.00,
Madagascar,#N/A,4/1/2021,0.00,0.00,
Madagascar,#N/A,5/1/2021,0.00,0.00,
Madagascar,#N/A,6/1/2021,0.00,0.00,
Madagascar,#N/A,7/1/2021,0.00,0.00,
Madagascar,#N/A,8/1/2021,0.00,0.00,
Côte d'Ivoire,#N/A,6/1/2021,"10,000","9,953",1.00
Madagascar,#N/A,10/1/2021,0.00,0.00,
Madagascar,#N/A,11/1/2021,0.00,0.00,
Madagascar,#N/A,12/1/2020,0.00,0.00,
"Macao, China",#N/A,1/1/2021,0.00,0.00,
"Macao, China",#N/A,2/1/2021,0.00,0.00,
Pakistan,#N/A,6/1/2021,"12,000","7,683",1.56
Cameroon,#N/A,6/1/2021,"16,000","3,000",5.33
Jamaica,#N/A,6/1/2021,"11,000","2,325",4.73
"Congo, Democratic Republic of the",#N/A,6/1/2021,"3,000","1,200",2.50
"Hong Kong, China",#N/A,6/1/2021,"4,000","1,136",3.52
Bulgaria,#N/A,6/1/2021,"1,000","1,013",0.99
Namibia,#N/A,6/1/2021,"1,000",945,1.06
Netherlands,#N/A,6/1/2021,"1,000",175,5.71
United States of America,#N/A,6/1/2021,"3,000",43,69.77
Viet Nam,#N/A,7/1/2021,"1,737,000","429,386",4.05
Lebanon,#N/A,1/1/2021,0.00,0.00,
Chile,#N/A,7/1/2021,"41,000","34,113",1.20
Lebanon,#N/A,3/1/2021,0.00,0.00,
Lebanon,#N/A,4/1/2021,0.00,0.00,
Lebanon,#N/A,5/1/2021,0.00,0.00,
Lebanon,#N/A,6/1/2021,0.00,0.00,
Lebanon,#N/A,7/1/2021,0.00,0.00,
Lebanon,#N/A,8/1/2021,0.00,0.00,
Lebanon,#N/A,9/1/2021,0.00,0.00,
Saudi Arabia,#N/A,7/1/2021,"362,000","182,287",1.99
Lebanon,#N/A,11/1/2021,0.00,0.00,
Lebanon,#N/A,12/1/2020,0.00,0.00,
Lao People's Democratic Republic,#N/A,1/1/2021,0.00,0.00,
Lao People's Democratic Republic,#N/A,2/1/2021,0.00,0.00,
Lao People's Democratic Republic,#N/A,3/1/2021,0.00,0.00,
Philippines,#N/A,7/1/2021,"620,000","141,918",4.37
Lao People's Democratic Republic,#N/A,5/1/2021,0.00,0.00,
Lao People's Democratic Republic,#N/A,6/1/2021,0.00,0.00,
Lao People's Democratic Republic,#N/A,7/1/2021,0.00,0.00,
Lao People's Democratic Republic,#N/A,8/1/2021,0.00,0.00,
Lao People's Democratic Republic,#N/A,9/1/2021,0.00,0.00,
Lao People's Democratic Republic,#N/A,10/1/2021,0.00,0.00,
Lao People's Democratic Republic,#N/A,11/1/2021,0.00,0.00,
Lao People's Democratic Republic,#N/A,12/1/2020,0.00,0.00,
Kuwait,#N/A,1/1/2021,0.00,0.00,
Kuwait,#N/A,2/1/2021,0.00,0.00,
Kuwait,#N/A,3/1/2021,0.00,0.00,
Kuwait,#N/A,4/1/2021,0.00,0.00,
Kuwait,#N/A,5/1/2021,0.00,0.00,
Kuwait,#N/A,6/1/2021,0.00,0.00,
Kuwait,#N/A,7/1/2021,0.00,0.00,
Bangladesh,#N/A,7/1/2021,"127,000","108,003",1.18
Kuwait,#N/A,9/1/2021,0.00,0.00,
Kuwait,#N/A,10/1/2021,0.00,0.00,
Kuwait,#N/A,11/1/2021,0.00,0.00,
Kuwait,#N/A,12/1/2020,0.00,0.00,
Peru,#N/A,7/1/2021,"113,000","95,000",1.19
United Arab Emirates,#N/A,7/1/2021,"112,000","90,785",1.23
Thailand,#N/A,7/1/2021,"150,000","75,553",1.99
"Macao, China",#N/A,7/1/2021,"62,000","61,590",1.01
Pakistan,#N/A,7/1/2021,"53,000","52,017",1.02
Egypt,#N/A,7/1/2021,"232,000","51,861",4.47
"Korea, Republic of",#N/A,7/1/2021,0.00,0.00,
Cyprus,#N/A,7/1/2021,"45,000","44,660",1.01
Indonesia,#N/A,7/1/2021,"328,000","41,964",7.82
Mexico,#N/A,7/1/2021,"327,000","216,745",1.51
Malaysia,#N/A,7/1/2021,"204,000","30,905",6.60
Cambodia,#N/A,7/1/2021,"146,000","30,508",4.79
Kenya,#N/A,1/1/2021,0.00,0.00,
Kenya,#N/A,2/1/2021,0.00,0.00,
Kenya,#N/A,3/1/2021,0.00,0.00,
Kenya,#N/A,4/1/2021,0.00,0.00,
Australia,#N/A,7/1/2021,"24,000","25,000",0.96
Kenya,#N/A,6/1/2021,0.00,0.00,
Croatia,#N/A,7/1/2021,"27,000","24,894",1.08
Russian Federation,#N/A,7/1/2021,"176,000","24,507",7.18
Kenya,#N/A,9/1/2021,0.00,0.00,
Kenya,#N/A,10/1/2021,0.00,0.00,
Nigeria,#N/A,7/1/2021,"10,000","20,000",0.50
Kenya,#N/A,12/1/2020,0.00,0.00,
Kazakhstan,#N/A,1/1/2021,0.00,0.00,
Kazakhstan,#N/A,2/1/2021,0.00,0.00,
Kazakhstan,#N/A,3/1/2021,0.00,0.00,
Kazakhstan,#N/A,4/1/2021,0.00,0.00,
India,#N/A,7/1/2021,"37,000","15,584",2.37
Kazakhstan,#N/A,6/1/2021,0.00,0.00,
Kazakhstan,#N/A,7/1/2021,0.00,0.00,
Kazakhstan,#N/A,8/1/2021,0.00,0.00,
Kazakhstan,#N/A,9/1/2021,0.00,0.00,
Kazakhstan,#N/A,10/1/2021,0.00,0.00,
Slovenia,#N/A,7/1/2021,"9,000","9,000",1.00
Kazakhstan,#N/A,12/1/2020,0.00,0.00,
Jordan,#N/A,1/1/2021,0.00,0.00,
Jordan,#N/A,2/1/2021,0.00,0.00,
Jordan,#N/A,3/1/2021,0.00,0.00,
Jordan,#N/A,4/1/2021,0.00,0.00,
Jordan,#N/A,5/1/2021,0.00,0.00,
Jordan,#N/A,6/1/2021,0.00,0.00,
Jordan,#N/A,7/1/2021,0.00,0.00,
Jordan,#N/A,8/1/2021,0.00,0.00,
Jordan,#N/A,9/1/2021,0.00,0.00,
Jordan,#N/A,10/1/2021,0.00,0.00,
Japan,#N/A,7/1/2021,"12,000","5,886",2.04
Jordan,#N/A,12/1/2020,0.00,0.00,
Japan,#N/A,1/1/2021,0.00,0.00,
Togo,#N/A,7/1/2021,"4,000","5,000",0.80
Spain,#N/A,7/1/2021,"7,000","4,784",1.46
Kenya,#N/A,7/1/2021,"3,000",962,3.12
Philippines,#N/A,8/1/2021,"3,506,000","491,297",7.14
Thailand,#N/A,8/1/2021,"707,000","298,964",2.36
Viet Nam,#N/A,8/1/2021,"1,146,000","272,958",4.20
Japan,#N/A,8/1/2021,0.00,0.00,
Ghana,#N/A,8/1/2021,"280,000","204,136",1.37
Japan,#N/A,10/1/2021,0.00,0.00,
Mexico,#N/A,8/1/2021,"305,000","187,965",1.62
Japan,#N/A,12/1/2020,0.00,0.00,
Jamaica,#N/A,1/1/2021,0.00,0.00,
Jamaica,#N/A,2/1/2021,0.00,0.00,
Jamaica,#N/A,3/1/2021,0.00,0.00,
Jamaica,#N/A,4/1/2021,0.00,0.00,
Jamaica,#N/A,5/1/2021,0.00,0.00,
Saudi Arabia,#N/A,8/1/2021,"112,000","104,000",1.08
Jamaica,#N/A,7/1/2021,0.00,0.00,
Jamaica,#N/A,8/1/2021,0.00,0.00,
Jamaica,#N/A,9/1/2021,0.00,0.00,
Jamaica,#N/A,10/1/2021,0.00,0.00,
Jamaica,#N/A,11/1/2021,0.00,0.00,
Egypt,#N/A,8/1/2021,"255,000","89,985",2.83
Russian Federation,#N/A,8/1/2021,"387,000","79,860",4.85
"Korea, Republic of",#N/A,8/1/2021,"253,000","72,311",3.50
Pakistan,#N/A,8/1/2021,"76,000","66,730",1.14
Italy,#N/A,4/1/2021,0.00,0.00,
Cambodia,#N/A,8/1/2021,"201,000","64,060",3.14
Italy,#N/A,6/1/2021,0.00,0.00,
Italy,#N/A,7/1/2021,0.00,0.00,
Italy,#N/A,8/1/2021,0.00,0.00,
Italy,#N/A,9/1/2021,0.00,0.00,
Italy,#N/A,10/1/2021,0.00,0.00,
"Taipei, Chinese",#N/A,8/1/2021,"132,000","61,628",2.14
Italy,#N/A,12/1/2020,0.00,0.00,
Israel,#N/A,1/1/2021,0.00,0.00,
Israel,#N/A,2/1/2021,0.00,0.00,
Israel,#N/A,3/1/2021,0.00,0.00,
Israel,#N/A,4/1/2021,0.00,0.00,
Israel,#N/A,5/1/2021,0.00,0.00,
Israel,#N/A,6/1/2021,0.00,0.00,
Israel,#N/A,7/1/2021,0.00,0.00,
Israel,#N/A,8/1/2021,0.00,0.00,
United Arab Emirates,#N/A,8/1/2021,"87,000","56,286",1.55
Israel,#N/A,10/1/2021,0.00,0.00,
Israel,#N/A,11/1/2021,0.00,0.00,
Israel,#N/A,12/1/2020,0.00,0.00,
Indonesia,#N/A,8/1/2021,"353,000","48,276",7.31
"Iran, Islamic Republic of",#N/A,2/1/2021,0.00,0.00,
Kuwait,#N/A,8/1/2021,"29,000","31,482",0.92
"Iran, Islamic Republic of",#N/A,4/1/2021,0.00,0.00,
"Iran, Islamic Republic of",#N/A,5/1/2021,0.00,0.00,
"Iran, Islamic Republic of",#N/A,6/1/2021,0.00,0.00,
"Iran, Islamic Republic of",#N/A,7/1/2021,0.00,0.00,
"Iran, Islamic Republic of",#N/A,8/1/2021,0.00,0.00,
"Iran, Islamic Republic of",#N/A,9/1/2021,0.00,0.00,
"Iran, Islamic Republic of",#N/A,10/1/2021,0.00,0.00,
"Iran, Islamic Republic of",#N/A,11/1/2021,0.00,0.00,
"Iran, Islamic Republic of",#N/A,12/1/2020,0.00,0.00,
Indonesia,#N/A,1/1/2021,0.00,0.00,
Paraguay,#N/A,8/1/2021,"32,000","30,326",1.06
Argentina,#N/A,8/1/2021,"36,000","27,316",1.32
Singapore,#N/A,8/1/2021,"35,000","26,700",1.31
Indonesia,#N/A,5/1/2021,0.00,0.00,
Sri Lanka,#N/A,8/1/2021,"148,000","24,260",6.10
Brazil,#N/A,8/1/2021,"31,000","22,950",1.35
"Hong Kong, China",#N/A,8/1/2021,"200,000","22,426",8.92
India,#N/A,8/1/2021,"21,000","20,693",1.01
Zambia,#N/A,8/1/2021,"15,000","20,000",0.75
Nigeria,#N/A,8/1/2021,"16,000","16,700",0.96
Indonesia,#N/A,12/1/2020,0.00,0.00,
Malaysia,#N/A,8/1/2021,"78,000","15,871",4.91
India,#N/A,2/1/2021,0.00,0.00,
Guinea,#N/A,8/1/2021,"31,000","11,000",2.82
Greece,#N/A,8/1/2021,"13,000","9,920",1.31
Kenya,#N/A,8/1/2021,"14,000","5,304",2.64
India,#N/A,6/1/2021,0.00,0.00,
Netherlands,#N/A,8/1/2021,"6,000","5,021",1.19
Ethiopia,#N/A,8/1/2021,"12,000","5,000",2.40
Spain,#N/A,8/1/2021,"9,000","4,668",1.93
Mozambique,#N/A,8/1/2021,"3,000","2,260",1.33
"Tanzania, United Republic of",#N/A,8/1/2021,"10,000","2,000",5.00
"Macao, China",#N/A,8/1/2021,"1,000",800,1.25
Canada,#N/A,8/1/2021,"8,000",294,27.21
"Hong Kong, China",#N/A,2/1/2021,0.00,0.00,
"Hong Kong, China",#N/A,3/1/2021,0.00,0.00,
"Hong Kong, China",#N/A,4/1/2021,0.00,0.00,
"Hong Kong, China",#N/A,5/1/2021,0.00,0.00,
Viet Nam,#N/A,9/1/2021,"2,716,000","494,250",5.50
"Hong Kong, China",#N/A,7/1/2021,0.00,0.00,
Philippines,#N/A,9/1/2021,"3,133,000","446,619",7.01
Chile,#N/A,9/1/2021,"387,000","324,985",1.19
Rwanda,#N/A,9/1/2021,"282,000","315,450",0.89
Bangladesh,#N/A,9/1/2021,"238,000","236,623",1.01
Mexico,#N/A,9/1/2021,"366,000","222,481",1.65
Russian Federation,#N/A,9/1/2021,"1,337,000","162,720",8.22
Guinea,#N/A,2/1/2021,0.00,0.00,
Guinea,#N/A,3/1/2021,0.00,0.00,
Guinea,#N/A,4/1/2021,0.00,0.00,
Thailand,#N/A,9/1/2021,"153,000","138,728",1.10
Guinea,#N/A,6/1/2021,0.00,0.00,
Guinea,#N/A,7/1/2021,0.00,0.00,
Egypt,#N/A,9/1/2021,"657,000","132,636",4.95
Guinea,#N/A,9/1/2021,0.00,0.00,
Guinea,#N/A,10/1/2021,0.00,0.00,
Guinea,#N/A,11/1/2021,0.00,0.00,
Guinea,#N/A,12/1/2020,0.00,0.00,
Greece,#N/A,1/1/2021,0.00,0.00,
Greece,#N/A,2/1/2021,0.00,0.00,
Greece,#N/A,3/1/2021,0.00,0.00,
Greece,#N/A,4/1/2021,0.00,0.00,
Greece,#N/A,5/1/2021,0.00,0.00,
Greece,#N/A,6/1/2021,0.00,0.00,
Greece,#N/A,7/1/2021,0.00,0.00,
"Korea, Republic of",#N/A,9/1/2021,"649,000","123,053",5.27
Greece,#N/A,9/1/2021,0.00,0.00,
Greece,#N/A,10/1/2021,0.00,0.00,
Greece,#N/A,11/1/2021,0.00,0.00,
Greece,#N/A,12/1/2020,0.00,0.00,
Colombia,#N/A,9/1/2021,"109,000","117,805",0.93
Ghana,#N/A,2/1/2021,0.00,0.00,
Ghana,#N/A,3/1/2021,0.00,0.00,
Indonesia,#N/A,9/1/2021,"460,000","60,773",7.57
Ghana,#N/A,9/1/2021,"58,000","58,858",0.99
United Arab Emirates,#N/A,9/1/2021,"325,000","52,940",6.14
Ghana,#N/A,7/1/2021,0.00,0.00,
Saudi Arabia,#N/A,9/1/2021,"250,000","52,000",4.81
Sri Lanka,#N/A,9/1/2021,"124,000","51,255",2.42
India,#N/A,9/1/2021,"218,000","37,746",5.78
"Congo, Democratic Republic of the",#N/A,9/1/2021,"40,000","35,000",1.14
Ghana,#N/A,12/1/2020,0.00,0.00,
Germany,#N/A,1/1/2021,0.00,0.00,
Brazil,#N/A,9/1/2021,"44,000","34,145",1.29
Germany,#N/A,3/1/2021,0.00,0.00,
Nigeria,#N/A,9/1/2021,"90,000","27,687",3.25
Germany,#N/A,5/1/2021,0.00,0.00,
Germany,#N/A,6/1/2021,0.00,0.00,
Germany,#N/A,7/1/2021,0.00,0.00,
Germany,#N/A,8/1/2021,0.00,0.00,
Germany,#N/A,9/1/2021,0.00,0.00,
South Africa,#N/A,9/1/2021,"199,000","27,470",7.24
"Macao, China",#N/A,9/1/2021,"36,000","27,290",1.32
Germany,#N/A,12/1/2020,0.00,0.00,
Fiji,#N/A,1/1/2021,0.00,0.00,
Fiji,#N/A,2/1/2021,0.00,0.00,
Fiji,#N/A,3/1/2021,0.00,0.00,
Fiji,#N/A,4/1/2021,0.00,0.00,
Fiji,#N/A,5/1/2021,0.00,0.00,
Fiji,#N/A,6/1/2021,0.00,0.00,
Fiji,#N/A,7/1/2021,0.00,0.00,
Fiji,#N/A,8/1/2021,0.00,0.00,
Fiji,#N/A,9/1/2021,0.00,0.00,
Fiji,#N/A,10/1/2021,0.00,0.00,
Myanmar,#N/A,9/1/2021,"121,000","26,738",4.53
Fiji,#N/A,12/1/2020,0.00,0.00,
Ethiopia,#N/A,1/1/2021,0.00,0.00,
Ethiopia,#N/A,2/1/2021,0.00,0.00,
Ethiopia,#N/A,3/1/2021,0.00,0.00,
Ethiopia,#N/A,4/1/2021,0.00,0.00,
Ethiopia,#N/A,5/1/2021,0.00,0.00,
Ethiopia,#N/A,6/1/2021,0.00,0.00,
Ethiopia,#N/A,7/1/2021,0.00,0.00,
"Hong Kong, China",#N/A,9/1/2021,"200,000","21,071",9.49
Ethiopia,#N/A,9/1/2021,0.00,0.00,
Ethiopia,#N/A,10/1/2021,0.00,0.00,
Ethiopia,#N/A,11/1/2021,0.00,0.00,
Uruguay,#N/A,9/1/2021,"22,000","19,016",1.16
Equatorial Guinea,#N/A,1/1/2021,0.00,0.00,
Equatorial Guinea,#N/A,2/1/2021,0.00,0.00,
Equatorial Guinea,#N/A,3/1/2021,0.00,0.00,
Equatorial Guinea,#N/A,4/1/2021,0.00,0.00,
Equatorial Guinea,#N/A,5/1/2021,0.00,0.00,
Equatorial Guinea,#N/A,6/1/2021,0.00,0.00,
Equatorial Guinea,#N/A,7/1/2021,0.00,0.00,
Equatorial Guinea,#N/A,8/1/2021,0.00,0.00,
Cambodia,#N/A,9/1/2021,"88,000","11,000",8.00
Equatorial Guinea,#N/A,10/1/2021,0.00,0.00,
Equatorial Guinea,#N/A,11/1/2021,0.00,0.00,
Equatorial Guinea,#N/A,12/1/2020,0.00,0.00,
El Salvador,#N/A,1/1/2021,0.00,0.00,
El Salvador,#N/A,2/1/2021,0.00,0.00,
El Salvador,#N/A,3/1/2021,0.00,0.00,
El Salvador,#N/A,4/1/2021,0.00,0.00,
El Salvador,#N/A,5/1/2021,0.00,0.00,
El Salvador,#N/A,6/1/2021,0.00,0.00,
El Salvador,#N/A,7/1/2021,0.00,0.00,
El Salvador,#N/A,8/1/2021,0.00,0.00,
El Salvador,#N/A,9/1/2021,0.00,0.00,
El Salvador,#N/A,10/1/2021,0.00,0.00,
Equatorial Guinea,#N/A,9/1/2021,"2,000","10,900",0.18
El Salvador,#N/A,12/1/2020,0.00,0.00,
Benin,#N/A,9/1/2021,"7,000","10,000",0.70
Israel,#N/A,9/1/2021,"101,000","8,400",12.02
Algeria,#N/A,9/1/2021,"11,000","8,220",1.34
Japan,#N/A,9/1/2021,"6,000","3,560",1.69
"Taipei, Chinese",#N/A,9/1/2021,"2,000","1,866",1.07
Malaysia,#N/A,9/1/2021,"2,000","1,613",1.24
Madagascar,#N/A,9/1/2021,"1,000",820,1.22
Singapore,#N/A,9/1/2021,"1,000",91,10.99
Belgium,#N/A,9/1/2021,0,2,0.00
Egypt,#N/A,10/1/2021,0.00,0.00,
Egypt,#N/A,11/1/2021,0.00,0.00,
United States of America,#N/A,9/1/2021,0,1,0.00
Ecuador,#N/A,1/1/2021,0.00,0.00,
Ecuador,#N/A,2/1/2021,0.00,0.00,
Ecuador,#N/A,3/1/2021,0.00,0.00,
Ecuador,#N/A,4/1/2021,0.00,0.00,
Ecuador,#N/A,5/1/2021,0.00,0.00,
Ecuador,#N/A,6/1/2021,0.00,0.00,
Ecuador,#N/A,7/1/2021,0.00,0.00,
Ecuador,#N/A,8/1/2021,0.00,0.00,
Ecuador,#N/A,9/1/2021,0.00,0.00,
Viet Nam,#N/A,10/1/2021,"2,487,000","354,004",7.03
Ecuador,#N/A,11/1/2021,0.00,0.00,
Ecuador,#N/A,12/1/2020,0.00,0.00,
Dominican Republic,#N/A,1/1/2021,0.00,0.00,
Dominican Republic,#N/A,2/1/2021,0.00,0.00,
Dominican Republic,#N/A,3/1/2021,0.00,0.00,
Dominican Republic,#N/A,4/1/2021,0.00,0.00,
Ghana,#N/A,10/1/2021,"193,000","161,444",1.20
Dominican Republic,#N/A,6/1/2021,0.00,0.00,
Dominican Republic,#N/A,7/1/2021,0.00,0.00,
Dominican Republic,#N/A,8/1/2021,0.00,0.00,
Dominican Republic,#N/A,9/1/2021,0.00,0.00,
Dominican Republic,#N/A,10/1/2021,0.00,0.00,
Dominican Republic,#N/A,11/1/2021,0.00,0.00,
Dominican Republic,#N/A,12/1/2020,0.00,0.00,
Saudi Arabia,#N/A,10/1/2021,"399,000","104,000",3.84
Djibouti,#N/A,2/1/2021,0.00,0.00,
Djibouti,#N/A,3/1/2021,0.00,0.00,
Djibouti,#N/A,4/1/2021,0.00,0.00,
Djibouti,#N/A,5/1/2021,0.00,0.00,
Djibouti,#N/A,6/1/2021,0.00,0.00,
Djibouti,#N/A,7/1/2021,0.00,0.00,
Djibouti,#N/A,8/1/2021,0.00,0.00,
Djibouti,#N/A,9/1/2021,0.00,0.00,
Djibouti,#N/A,10/1/2021,0.00,0.00,
Djibouti,#N/A,11/1/2021,0.00,0.00,
Djibouti,#N/A,12/1/2020,0.00,0.00,
Cyprus,#N/A,1/1/2021,0.00,0.00,
Cyprus,#N/A,2/1/2021,0.00,0.00,
Cyprus,#N/A,3/1/2021,0.00,0.00,
Cyprus,#N/A,4/1/2021,0.00,0.00,
Cyprus,#N/A,5/1/2021,0.00,0.00,
Cyprus,#N/A,6/1/2021,0.00,0.00,
"Korea, Republic of",#N/A,10/1/2021,"276,000","89,958",3.07
Cyprus,#N/A,8/1/2021,0.00,0.00,
Cyprus,#N/A,9/1/2021,0.00,0.00,
Cyprus,#N/A,10/1/2021,0.00,0.00,
Cyprus,#N/A,11/1/2021,0.00,0.00,
Cyprus,#N/A,12/1/2020,0.00,0.00,
Croatia,#N/A,1/1/2021,0.00,0.00,
Croatia,#N/A,2/1/2021,0.00,0.00,
Croatia,#N/A,3/1/2021,0.00,0.00,
Croatia,#N/A,4/1/2021,0.00,0.00,
Croatia,#N/A,5/1/2021,0.00,0.00,
Croatia,#N/A,6/1/2021,0.00,0.00,
Indonesia,#N/A,10/1/2021,"549,000","72,245",7.60
Croatia,#N/A,8/1/2021,0.00,0.00,
Croatia,#N/A,9/1/2021,0.00,0.00,
Croatia,#N/A,10/1/2021,0.00,0.00,
Croatia,#N/A,11/1/2021,0.00,0.00,
Croatia,#N/A,12/1/2020,0.00,0.00,
Côte d'Ivoire,#N/A,1/1/2021,0.00,0.00,
Côte d'Ivoire,#N/A,2/1/2021,0.00,0.00,
Côte d'Ivoire,#N/A,3/1/2021,0.00,0.00,
Côte d'Ivoire,#N/A,4/1/2021,0.00,0.00,
Côte d'Ivoire,#N/A,5/1/2021,0.00,0.00,
Philippines,#N/A,10/1/2021,"133,000","65,390",2.03
Côte d'Ivoire,#N/A,7/1/2021,0.00,0.00,
Côte d'Ivoire,#N/A,8/1/2021,0.00,0.00,
Côte d'Ivoire,#N/A,9/1/2021,0.00,0.00,
Côte d'Ivoire,#N/A,10/1/2021,0.00,0.00,
Côte d'Ivoire,#N/A,11/1/2021,0.00,0.00,
Côte d'Ivoire,#N/A,12/1/2020,0.00,0.00,
"Congo, Democratic Republic of the",#N/A,1/1/2021,0.00,0.00,
"Congo, Democratic Republic of the",#N/A,2/1/2021,0.00,0.00,
"Congo, Democratic Republic of the",#N/A,3/1/2021,0.00,0.00,
"Congo, Democratic Republic of the",#N/A,4/1/2021,0.00,0.00,
"Congo, Democratic Republic of the",#N/A,5/1/2021,0.00,0.00,
Chile,#N/A,10/1/2021,"54,000","49,122",1.10
"Congo, Democratic Republic of the",#N/A,7/1/2021,0.00,0.00,
"Congo, Democratic Republic of the",#N/A,8/1/2021,0.00,0.00,
Mexico,#N/A,10/1/2021,"93,000","62,698",1.48
"Congo, Democratic Republic of the",#N/A,10/1/2021,0.00,0.00,
"Congo, Democratic Republic of the",#N/A,11/1/2021,0.00,0.00,
"Congo, Democratic Republic of the",#N/A,12/1/2020,0.00,0.00,
Colombia,#N/A,1/1/2021,0.00,0.00,
Colombia,#N/A,2/1/2021,0.00,0.00,
"Taipei, Chinese",#N/A,10/1/2021,"91,000","43,219",2.11
Colombia,#N/A,4/1/2021,0.00,0.00,
Malaysia,#N/A,10/1/2021,"204,000","32,997",6.18
Thailand,#N/A,10/1/2021,"46,000","30,524",1.51
Colombia,#N/A,7/1/2021,0.00,0.00,
Colombia,#N/A,8/1/2021,0.00,0.00,
India,#N/A,10/1/2021,"52,000","30,149",1.72
Colombia,#N/A,10/1/2021,0.00,0.00,
Colombia,#N/A,11/1/2021,0.00,0.00,
Colombia,#N/A,12/1/2020,0.00,0.00,
United Arab Emirates,#N/A,10/1/2021,"28,000","27,112",1.03
Qatar,#N/A,10/1/2021,"150,000","27,000",5.56
Chile,#N/A,3/1/2021,0.00,0.00,
Oman,#N/A,10/1/2021,"195,000","27,000",7.22
Chile,#N/A,5/1/2021,0.00,0.00,
Pakistan,#N/A,10/1/2021,"104,000","25,847",4.02
"Hong Kong, China",#N/A,10/1/2021,"200,000","23,472",8.52
Chile,#N/A,8/1/2021,0.00,0.00,
Zambia,#N/A,10/1/2021,"24,000","21,000",1.14
Mongolia,#N/A,10/1/2021,"17,000","16,554",1.03
Sri Lanka,#N/A,10/1/2021,"18,000","13,920",1.29
Chile,#N/A,12/1/2020,0.00,0.00,
Canada,#N/A,1/1/2021,0.00,0.00,
Canada,#N/A,2/1/2021,0.00,0.00,
Canada,#N/A,3/1/2021,0.00,0.00,
Brazil,#N/A,10/1/2021,"18,000","8,871",2.03
Canada,#N/A,5/1/2021,0.00,0.00,
Canada,#N/A,6/1/2021,0.00,0.00,
Canada,#N/A,7/1/2021,0.00,0.00,
Bahrain,#N/A,10/1/2021,"9,000","7,800",1.15
Canada,#N/A,9/1/2021,0.00,0.00,
Spain,#N/A,10/1/2021,"8,000","7,500",1.07
Lebanon,#N/A,10/1/2021,"61,000","7,173",8.50
Germany,#N/A,10/1/2021,"9,000","7,080",1.27
Cameroon,#N/A,1/1/2021,0.00,0.00,
Cameroon,#N/A,2/1/2021,0.00,0.00,
Cameroon,#N/A,3/1/2021,0.00,0.00,
Cameroon,#N/A,4/1/2021,0.00,0.00,
Cameroon,#N/A,5/1/2021,0.00,0.00,
"Macao, China",#N/A,10/1/2021,"6,000","6,460",0.93
Cameroon,#N/A,7/1/2021,0.00,0.00,
Cameroon,#N/A,8/1/2021,0.00,0.00,
Cameroon,#N/A,9/1/2021,0.00,0.00,
Cameroon,#N/A,10/1/2021,0.00,0.00,
Cameroon,#N/A,11/1/2021,0.00,0.00,
Yemen,#N/A,10/1/2021,"13,000","4,333",3.00
Cambodia,#N/A,1/1/2021,0.00,0.00,
Cambodia,#N/A,2/1/2021,0.00,0.00,
Ecuador,#N/A,10/1/2021,"14,000","3,996",3.50
Singapore,#N/A,10/1/2021,"2,000","1,950",1.03
Canada,#N/A,10/1/2021,"2,000",720,2.78
Viet Nam,#N/A,11/1/2021,"2,807,000","507,178",5.53
Chile,#N/A,11/1/2021,"139,000","99,415",1.40
Bangladesh,#N/A,11/1/2021,"460,000","182,566",2.52
Pakistan,#N/A,11/1/2021,"194,000","129,470",1.50
Cambodia,#N/A,10/1/2021,0.00,0.00,
"Korea, Republic of",#N/A,11/1/2021,"349,000","118,792",2.94
Cambodia,#N/A,12/1/2020,0.00,0.00,
Cabo Verde,#N/A,1/1/2021,0.00,0.00,
Mexico,#N/A,11/1/2021,"514,000","444,026",1.16
Cabo Verde,#N/A,3/1/2021,0.00,0.00,
Cabo Verde,#N/A,4/1/2021,0.00,0.00,
Cabo Verde,#N/A,5/1/2021,0.00,0.00,
Cabo Verde,#N/A,6/1/2021,0.00,0.00,
Cabo Verde,#N/A,7/1/2021,0.00,0.00,
Cabo Verde,#N/A,8/1/2021,0.00,0.00,
Cabo Verde,#N/A,9/1/2021,0.00,0.00,
Cabo Verde,#N/A,10/1/2021,0.00,0.00,
Cabo Verde,#N/A,11/1/2021,0.00,0.00,
Cabo Verde,#N/A,12/1/2020,0.00,0.00,
Bulgaria,#N/A,1/1/2021,0.00,0.00,
Bulgaria,#N/A,2/1/2021,0.00,0.00,
Bulgaria,#N/A,3/1/2021,0.00,0.00,
Bulgaria,#N/A,4/1/2021,0.00,0.00,
Bulgaria,#N/A,5/1/2021,0.00,0.00,
Peru,#N/A,11/1/2021,"99,000","85,335",1.16
Bulgaria,#N/A,7/1/2021,0.00,0.00,
Bulgaria,#N/A,8/1/2021,0.00,0.00,
Bulgaria,#N/A,9/1/2021,0.00,0.00,
Bulgaria,#N/A,10/1/2021,0.00,0.00,
Bulgaria,#N/A,11/1/2021,0.00,0.00,
Bulgaria,#N/A,12/1/2020,0.00,0.00,
Brazil,#N/A,1/1/2021,0.00,0.00,
Saudi Arabia,#N/A,11/1/2021,"278,000","79,000",3.52
Brazil,#N/A,3/1/2021,0.00,0.00,
Malaysia,#N/A,11/1/2021,"111,000","77,876",1.43
Indonesia,#N/A,11/1/2021,"482,000","63,724",7.56
Brazil,#N/A,6/1/2021,0.00,0.00,
Brazil,#N/A,7/1/2021,0.00,0.00,
Thailand,#N/A,11/1/2021,"182,000","53,905",3.38
Kenya,#N/A,11/1/2021,"43,000","42,705",1.01
Fiji,#N/A,11/1/2021,"129,000","37,067",3.48
Australia,#N/A,11/1/2021,"53,000","36,250",1.46
Cambodia,#N/A,11/1/2021,"44,000","35,869",1.23
Ghana,#N/A,11/1/2021,"32,000","32,448",0.99
Benin,#N/A,2/1/2021,0.00,0.00,
Benin,#N/A,3/1/2021,0.00,0.00,
Benin,#N/A,4/1/2021,0.00,0.00,
Benin,#N/A,5/1/2021,0.00,0.00,
Benin,#N/A,6/1/2021,0.00,0.00,
Benin,#N/A,7/1/2021,0.00,0.00,
Benin,#N/A,8/1/2021,0.00,0.00,
"Taipei, Chinese",#N/A,11/1/2021,"66,000","31,541",2.09
Benin,#N/A,10/1/2021,0.00,0.00,
Benin,#N/A,11/1/2021,0.00,0.00,
Benin,#N/A,12/1/2020,0.00,0.00,
Philippines,#N/A,11/1/2021,"300,000","28,610",10.49
United Arab Emirates,#N/A,11/1/2021,"29,000","27,756",1.04
Belgium,#N/A,3/1/2021,0.00,0.00,
Belgium,#N/A,4/1/2021,0.00,0.00,
Belgium,#N/A,5/1/2021,0.00,0.00,
Belgium,#N/A,6/1/2021,0.00,0.00,
Belgium,#N/A,7/1/2021,0.00,0.00,
Belgium,#N/A,8/1/2021,0.00,0.00,
Morocco,#N/A,11/1/2021,"26,000","25,900",1.00
Belgium,#N/A,10/1/2021,0.00,0.00,
Belgium,#N/A,11/1/2021,0.00,0.00,
Japan,#N/A,11/1/2021,"29,000","23,003",1.26
"Macao, China",#N/A,11/1/2021,"24,000","22,290",1.08
Poland,#N/A,11/1/2021,"25,000","22,000",1.14
Nigeria,#N/A,11/1/2021,"6,000","22,000",0.27
Sri Lanka,#N/A,11/1/2021,"198,000","21,735",9.11
Bangladesh,#N/A,5/1/2021,0.00,0.00,
Germany,#N/A,11/1/2021,"199,000","19,478",10.22
Russian Federation,#N/A,11/1/2021,"22,000","13,674",1.61
Bangladesh,#N/A,8/1/2021,0.00,0.00,
Jordan,#N/A,11/1/2021,"70,000","12,737",5.50
Bangladesh,#N/A,10/1/2021,0.00,0.00,
India,#N/A,11/1/2021,"23,000","8,502",2.71
Kazakhstan,#N/A,11/1/2021,"11,000","7,575",1.45
Bahrain,#N/A,1/1/2021,0.00,0.00,
Bahrain,#N/A,2/1/2021,0.00,0.00,
Bahrain,#N/A,3/1/2021,0.00,0.00,
Bahrain,#N/A,4/1/2021,0.00,0.00,
Bahrain,#N/A,5/1/2021,0.00,0.00,
Bahrain,#N/A,6/1/2021,0.00,0.00,
Bahrain,#N/A,7/1/2021,0.00,0.00,
Bahrain,#N/A,8/1/2021,0.00,0.00,
Bahrain,#N/A,9/1/2021,0.00,0.00,
El Salvador,#N/A,11/1/2021,"9,000","6,985",1.29
Bahrain,#N/A,11/1/2021,0.00,0.00,
Bahrain,#N/A,12/1/2020,0.00,0.00,
Australia,#N/A,1/1/2021,0.00,0.00,
Australia,#N/A,2/1/2021,0.00,0.00,
Australia,#N/A,3/1/2021,0.00,0.00,
Australia,#N/A,4/1/2021,0.00,0.00,
Australia,#N/A,5/1/2021,0.00,0.00,
Australia,#N/A,6/1/2021,0.00,0.00,
Brazil,#N/A,11/1/2021,"5,000","5,000",1.00
Australia,#N/A,8/1/2021,0.00,0.00,
Australia,#N/A,9/1/2021,0.00,0.00,
Australia,#N/A,10/1/2021,0.00,0.00,
South Africa,#N/A,11/1/2021,"101,000","4,600",21.96
Australia,#N/A,12/1/2020,0.00,0.00,
Argentina,#N/A,1/1/2021,0.00,0.00,
Argentina,#N/A,2/1/2021,0.00,0.00,
Argentina,#N/A,3/1/2021,0.00,0.00,
Argentina,#N/A,4/1/2021,0.00,0.00,
Argentina,#N/A,5/1/2021,0.00,0.00,
Argentina,#N/A,6/1/2021,0.00,0.00,
Argentina,#N/A,7/1/2021,0.00,0.00,
Canada,#N/A,11/1/2021,"3,000","2,290",1.31
Argentina,#N/A,9/1/2021,0.00,0.00,
Argentina,#N/A,10/1/2021,0.00,0.00,
Argentina,#N/A,11/1/2021,0.00,0.00,
Argentina,#N/A,12/1/2020,0.00,0.00,
Algeria,#N/A,1/1/2021,0.00,0.00,
"Hong Kong, China",#N/A,11/1/2021,"1,000","1,234",0.81
Algeria,#N/A,3/1/2021,0.00,0.00,
Algeria,#N/A,4/1/2021,0.00,0.00,
Italy,#N/A,11/1/2021,"1,000","1,155",0.87
Algeria,#N/A,6/1/2021,0.00,0.00,
Algeria,#N/A,7/1/2021,0.00,0.00,
Algeria,#N/A,8/1/2021,0.00,0.00,
Singapore,#N/A,11/1/2021,"3,000","1,016",2.95
Algeria,#N/A,10/1/2021,0.00,0.00,
Algeria,#N/A,11/1/2021,0.00,0.00,
Namibia,#N/A,11/1/2021,"1,000",990,1.01
